,Толщина скопления,Размер клеток,Форма клеток,Краевая адгезия,Размер эпителия,Голые ядра,Хроматин,Ядрышки,Митозы,Диагноз
Толщина скопления,1.0,0.6424814934636749,0.6534699864789105,0.4878287222547753,0.5235960362029687,0.5930914351725853,0.553742447705316,0.5340659074742401,0.3509571687338315,0.71478992632216
Размер клеток,0.6424814934636749,1.0,0.9072282331914424,0.7069769501294827,0.7535440193661502,0.6917087503170531,0.755559163986822,0.7193460366364216,0.4607546991089043,0.8208014428258774
Форма клеток,0.6534699864789105,0.9072282331914424,1.0,0.6859480630154343,0.722462414180965,0.7138775473793957,0.7353435006210447,0.7179634141270744,0.44125758292840284,0.8218909476888683
Краевая адгезия,0.4878287222547753,0.7069769501294827,0.6859480630154343,1.0,0.5945477710542776,0.6706482919548035,0.6685670621196991,0.6031210616252488,0.4188983347793696,0.7062941354660842
Размер эпителия,0.5235960362029687,0.7535440193661502,0.722462414180965,0.5945477710542776,1.0,0.5857161282793412,0.6181278969921583,0.6289264017578681,0.48058329531416244,0.6909581590873206
Голые ядра,0.5930914351725853,0.6917087503170531,0.7138775473793957,0.6706482919548035,0.5857161282793412,1.0,0.6806148592720028,0.5842801974534859,0.3392104355897988,0.8226958729964622
Хроматин,0.553742447705316,0.755559163986822,0.7353435006210447,0.6685670621196991,0.6181278969921583,0.6806148592720028,1.0,0.665601532852522,0.3460108888949668,0.7582275545334306
Ядрышки,0.5340659074742401,0.7193460366364216,0.7179634141270744,0.6031210616252488,0.6289264017578681,0.5842801974534859,0.665601532852522,1.0,0.4337572702034665,0.7186771878756356
Митозы,0.3509571687338315,0.4607546991089043,0.44125758292840284,0.4188983347793696,0.48058329531416244,0.3392104355897988,0.3460108888949668,0.4337572702034665,1.0,0.4234479212952123
Диагноз,0.71478992632216,0.8208014428258774,0.8218909476888683,0.7062941354660842,0.6909581590873206,0.8226958729964622,0.7582275545334306,0.7186771878756356,0.4234479212952123,1.0
