Архитектура,Скорость обучения,CV Accuracy,CV Accuracy std,CV val loss
8,0.0001,0.721351125938282,0.14042481724907835,0.6111103951931
8,0.001,0.9615679733110927,0.014567245386265913,0.17185012996196747
8,0.01,0.9707089241034195,0.010653960628894184,0.08189682438969612
32-16,0.0001,0.9395329441201001,0.0459352049183222,0.4493635058403015
32-16,0.001,0.9725437864887407,0.009989751990319158,0.07860885784029961
32-16,0.01,0.9670391993327774,0.018878570387244685,0.1406469650566578
32-16-8,0.0001,0.9267389491242704,0.025293240691151613,0.5213447630405426
32-16-8,0.001,0.9688907422852377,0.009225725977664606,0.08606354147195816
32-16-8,0.01,0.9652210175145957,0.01461716489937999,0.192072619125247
