Эксперимент,Значение,Accuracy,Precision,Recall,F1,AUC_ROC
эпохи,10,0.9708029197080292,0.9230769230769231,1.0,0.96,0.9967228464419475
эпохи,20,0.9635036496350365,0.9215686274509803,0.9791666666666666,0.9494949494949495,0.9927434456928839
эпохи,40,0.9635036496350365,0.9215686274509803,0.9791666666666666,0.9494949494949495,0.9915730337078651
batch,16,0.9562043795620438,0.92,0.9583333333333334,0.9387755102040817,0.9929775280898877
batch,32,0.9635036496350365,0.9215686274509803,0.9791666666666666,0.9494949494949495,0.9901685393258427
batch,64,0.948905109489051,0.9361702127659575,0.9166666666666666,0.9263157894736842,0.9957865168539326
архитектура,"(8,)",0.9635036496350365,0.9215686274509803,0.9791666666666666,0.9494949494949495,0.9920411985018727
архитектура,"(32, 16)",0.9635036496350365,0.9215686274509803,0.9791666666666666,0.9494949494949495,0.9920411985018727
архитектура,"(32, 16, 8)",0.9708029197080292,0.9230769230769231,1.0,0.96,0.9920411985018727
активация,relu,0.9635036496350365,0.9215686274509803,0.9791666666666666,0.9494949494949495,0.9929775280898876
активация,tanh,0.9635036496350365,0.9215686274509803,0.9791666666666666,0.9494949494949495,0.988061797752809
